{"k1": 0.1737634656632626, "k2": 0.011478187541840303, "k3": 0.9407987046874002, "k4": 0.8839543708773884, "k5": 0.4868159541653539, "k6": 0.2886383046053409, "k7": 0.2705530898119682}